,log_dir,frame_per_second,episode_reward,total_steps,total_episodes,total_time,actor_loss,critic_loss,target_q,success_rate
0,MetaDrive-test-v0,208,10.650784250377896,1020,2,4.900473356246948,,0.003897902322933078,0.0238326508551836,0.0
1,MetaDrive-test-v0,84,1.2804345453422494,2016,48,23.850130558013916,,1.2166621685028076,0.40974920988082886,0.0
2,MetaDrive-test-v0,74,-0.7878632611151595,3007,102,40.517284870147705,-0.2978525161743164,2.6283979415893555,0.17663556337356567,0.0
3,MetaDrive-test-v0,71,-2.1364679156374793,4009,155,55.829983949661255,-0.23915275931358337,1.867241382598877,0.16521474719047546,0.0
4,MetaDrive-test-v0,77,-1.185989680115472,5115,164,66.14458537101746,-0.24128417670726776,2.7407419681549072,0.1678149253129959,0.0
5,MetaDrive-test-v0,78,1.292047777090844,6001,183,76.14222192764282,-0.586797833442688,1.5126965045928955,0.5138899087905884,0.0
6,MetaDrive-test-v0,81,4.549741072724055,7062,199,86.90514850616455,,2.0146007537841797,0.832295298576355,0.0
7,MetaDrive-test-v0,82,7.846617190716149,8004,212,96.55682349205017,,1.3719372749328613,1.0255134105682373,0.0
8,MetaDrive-test-v0,83,11.83467609743672,9036,231,107.77329397201538,,0.9398717880249023,1.5591485500335693,0.0
